-- Valores de ejemplo para la tabla PERSONAS-------

INSERT INTO PERSONA (IDENTIFICACION,NOMBRE_1,NOMBRE_2,APELLIDO_1,APELLIDO_2,EDAD,CORREO,TELEFONO,ESTADO)VALUES (123456789, 'Juan', 'Carlos', 'Pérez', 'González', 28, 'juan@example.com', 1234567890,'TRUE');
INSERT INTO PERSONA (IDENTIFICACION,NOMBRE_1,NOMBRE_2,APELLIDO_1,APELLIDO_2,EDAD,CORREO,TELEFONO,ESTADO)VALUES (124454789, 'María', 'Isabel', 'Gómez', 'López', 35, 'maria@example.com', 1234567891,'TRUE');
INSERT INTO PERSONA (IDENTIFICACION,NOMBRE_1,NOMBRE_2,APELLIDO_1,APELLIDO_2,EDAD,CORREO,TELEFONO,ESTADO)VALUES (124454791, 'Luis', 'Fernando', 'Martínez', 'Rodríguez', 42, 'luis@example.com', 1234567892,'TRUE');
INSERT INTO PERSONA (IDENTIFICACION,NOMBRE_1,NOMBRE_2,APELLIDO_1,APELLIDO_2,EDAD,CORREO,TELEFONO,ESTADO)VALUES (124454792, 'Ana', 'María', 'Ramírez', 'Sánchez', 29, 'ana@example.com', 1234567893,'TRUE');
INSERT INTO PERSONA (IDENTIFICACION,NOMBRE_1,NOMBRE_2,APELLIDO_1,APELLIDO_2,EDAD,CORREO,TELEFONO,ESTADO)VALUES (124454793, 'Carlos', 'Andrés', 'López', 'Vargas', 31, 'carlos@example.com', 1234567894,'TRUE');
INSERT INTO PERSONA (IDENTIFICACION,NOMBRE_1,NOMBRE_2,APELLIDO_1,APELLIDO_2,EDAD,CORREO,TELEFONO,ESTADO)VALUES (345678901, 'Laura', 'Elena', 'García', 'Hernández', 25, 'laura@example.com', 1234567895,'TRUE');
INSERT INTO PERSONA (IDENTIFICACION,NOMBRE_1,NOMBRE_2,APELLIDO_1,APELLIDO_2,EDAD,CORREO,TELEFONO,ESTADO)VALUES (567890123, 'Pedro', 'Antonio', 'Díaz', 'Pérez', 39, 'pedro@example.com', 1234567896,'TRUE');
INSERT INTO PERSONA (IDENTIFICACION,NOMBRE_1,NOMBRE_2,APELLIDO_1,APELLIDO_2,EDAD,CORREO,TELEFONO,ESTADO)VALUES (678901234, 'Carmen', 'Isabel', 'Torres', 'Rojas', 45, 'carmen@example.com', 1234567897,'TRUE');
INSERT INTO PERSONA (IDENTIFICACION,NOMBRE_1,NOMBRE_2,APELLIDO_1,APELLIDO_2,EDAD,CORREO,TELEFONO,ESTADO)VALUES (890123456, 'Miguel', 'Ángel', 'Rivas', 'Gutiérrez', 34, 'miguel@example.com', 1234567898,'TRUE');
INSERT INTO PERSONA (IDENTIFICACION,NOMBRE_1,NOMBRE_2,APELLIDO_1,APELLIDO_2,EDAD,CORREO,TELEFONO,ESTADO)VALUES (901234567, 'Paula', 'Alejandra', 'Navarro', 'Castillo', 28, 'paula@example.com', 1234567899,'TRUE');

INSERT INTO PERSONA (IDENTIFICACION,NOMBRE_1,NOMBRE_2,APELLIDO_1,APELLIDO_2,EDAD,CORREO,TELEFONO,ESTADO)VALUES (111222333, 'Alejandro', 'David', 'García', 'López', 31, 'alejandro@example.com', 1112223330,'TRUE');
INSERT INTO PERSONA (IDENTIFICACION,NOMBRE_1,NOMBRE_2,APELLIDO_1,APELLIDO_2,EDAD,CORREO,TELEFONO,ESTADO)VALUES (444555666, 'María', 'José', 'Fernández', 'Pérez', 28, 'maria@example.com', 1234567871,'TRUE');
INSERT INTO PERSONA (IDENTIFICACION,NOMBRE_1,NOMBRE_2,APELLIDO_1,APELLIDO_2,EDAD,CORREO,TELEFONO,ESTADO)VALUES (777888999, 'Andrés', 'Javier', 'Hernández', 'Rodríguez', 37, 'andres@example.com', 1234567872,'TRUE');
INSERT INTO PERSONA (IDENTIFICACION,NOMBRE_1,NOMBRE_2,APELLIDO_1,APELLIDO_2,EDAD,CORREO,TELEFONO,ESTADO)VALUES (222333444, 'Luisa', 'Fabiola', 'Jiménez', 'Gutiérrez', 25, 'luisa@example.com', 1234567873,'TRUE');
INSERT INTO PERSONA (IDENTIFICACION,NOMBRE_1,NOMBRE_2,APELLIDO_1,APELLIDO_2,EDAD,CORREO,TELEFONO,ESTADO)VALUES (555666777, 'Daniel', 'Eduardo', 'Torres', 'Sánchez', 29, 'daniel@example.com', 1234567874,'TRUE');
INSERT INTO PERSONA (IDENTIFICACION,NOMBRE_1,NOMBRE_2,APELLIDO_1,APELLIDO_2,EDAD,CORREO,TELEFONO,ESTADO)VALUES (888999000, 'Carolina', 'Isabella', 'Cruz', 'Martínez', 32, 'carolina@example.com', 1234567875,'TRUE');
INSERT INTO PERSONA (IDENTIFICACION,NOMBRE_1,NOMBRE_2,APELLIDO_1,APELLIDO_2,EDAD,CORREO,TELEFONO,ESTADO)VALUES (333444555, 'Fernando', 'Miguel', 'Díaz', 'Ramírez', 27, 'fernando@example.com', 1234567876,'TRUE');
INSERT INTO PERSONA (IDENTIFICACION,NOMBRE_1,NOMBRE_2,APELLIDO_1,APELLIDO_2,EDAD,CORREO,TELEFONO,ESTADO)VALUES (666777888, 'Laura', 'Valentina', 'Ortega', 'Vargas', 34, 'laura@example.com', 1234567877,'TRUE');
INSERT INTO PERSONA (IDENTIFICACION,NOMBRE_1,NOMBRE_2,APELLIDO_1,APELLIDO_2,EDAD,CORREO,TELEFONO,ESTADO)VALUES (999000111, 'Gabriel', 'Sebastián', 'Ruiz', 'Castro', 26, 'gabriel@example.com', 1234567878,'TRUE');
INSERT INTO PERSONA (IDENTIFICACION,NOMBRE_1,NOMBRE_2,APELLIDO_1,APELLIDO_2,EDAD,CORREO,TELEFONO,ESTADO)VALUES (123456700, 'Victoria', 'Catalina', 'Moreno', 'Luna', 30, 'victoria@example.com', 1234567879,'TRUE');


-- Valores de ejemplo para la tabla CLIENTE (relacionados con PERSONAS existentes)--------
INSERT INTO CLIENTE (ID_PERSONA,USUARIO,CONTRASENA,ESTADO)VALUES (1, 'Juan', '121234','TRUE');
INSERT INTO CLIENTE (ID_PERSONA,USUARIO,CONTRASENA,ESTADO)VALUES (2, 'María', 'GSG387','TRUE');
INSERT INTO CLIENTE (ID_PERSONA,USUARIO,CONTRASENA,ESTADO)VALUES (3, 'Luis', 'KHR467','TRUE');
INSERT INTO CLIENTE (ID_PERSONA,USUARIO,CONTRASENA,ESTADO)VALUES (4, 'Ana', '234MVB','TRUE');
INSERT INTO CLIENTE (ID_PERSONA,USUARIO,CONTRASENA,ESTADO)VALUES (5, 'Carlos', '342780','TRUE');
INSERT INTO CLIENTE (ID_PERSONA,USUARIO,CONTRASENA,ESTADO)VALUES (6, 'Laura', 'KIN446','TRUE');
INSERT INTO CLIENTE (ID_PERSONA,USUARIO,CONTRASENA,ESTADO)VALUES (7, 'Pedro', '203KGI','TRUE');
INSERT INTO CLIENTE (ID_PERSONA,USUARIO,CONTRASENA,ESTADO)VALUES (8, 'Carmen', '234111','TRUE');
INSERT INTO CLIENTE (ID_PERSONA,USUARIO,CONTRASENA,ESTADO)VALUES (9, 'Miguel', '474700','TRUE');
INSERT INTO CLIENTE (ID_PERSONA,USUARIO,CONTRASENA,ESTADO)VALUES (10, 'Paula', 'PAN221','TRUE');

-- Valores de ejemplo para la tabla EMPLEADO (relacionados con PERSONAS existentes)
INSERT INTO EMPLEADO (ID_PERSONA,USUARIO,CONTRASENA,ESTADO)VALUES (11, 'Alejandro', 'HDI456','TRUE');
INSERT INTO EMPLEADO (ID_PERSONA,USUARIO,CONTRASENA,ESTADO)VALUES (12, 'María', 'POD456','TRUE');
INSERT INTO EMPLEADO (ID_PERSONA,USUARIO,CONTRASENA,ESTADO)VALUES (13, 'Andrés', '987067','TRUE');
INSERT INTO EMPLEADO (ID_PERSONA,USUARIO,CONTRASENA,ESTADO)VALUES (14, 'Luisa', 'TQM345','TRUE');
INSERT INTO EMPLEADO (ID_PERSONA,USUARIO,CONTRASENA,ESTADO)VALUES (16, 'Daniel', 'GTO456','TRUE');
INSERT INTO EMPLEADO (ID_PERSONA,USUARIO,CONTRASENA,ESTADO)VALUES (17, 'Carolina', 'UJB567','TRUE');
INSERT INTO EMPLEADO (ID_PERSONA,USUARIO,CONTRASENA,ESTADO)VALUES (18, 'Fernando', '345TGB','TRUE');
INSERT INTO EMPLEADO (ID_PERSONA,USUARIO,CONTRASENA,ESTADO)VALUES (19, 'Laura', 'WDV234','TRUE');
INSERT INTO EMPLEADO (ID_PERSONA,USUARIO,CONTRASENA,ESTADO)VALUES (20, 'Gabriel', 'QSX345','TRUE');
INSERT INTO EMPLEADO (ID_PERSONA,USUARIO,CONTRASENA,ESTADO)VALUES (21, 'Victoria', 'UKM236','TRUE');


-- Valores de ejemplo para la tabla INTENCION_COMPRA (relacionados con CLIENTES y VEHÍCULOS existentes)
INSERT INTO INTENCION_COMPRA (DESCRIPCION_INTENCION_COMPRA,ID_CLIENTE,ID_VEHICULOS,ID_FACTURA,ESTADO,ESTADO_INTENCION_COMPRA)VALUES('Motocicleta blanca', 1,1,1,'TRUE','TRUE');
INSERT INTO INTENCION_COMPRA (DESCRIPCION_INTENCION_COMPRA,ID_CLIENTE,ID_VEHICULOS,ID_FACTURA,ESTADO,ESTADO_INTENCION_COMPRA)VALUES('Bicicleta eléctrica plegable',2, 2,2,'TRUE','FALSE');
INSERT INTO INTENCION_COMPRA (DESCRIPCION_INTENCION_COMPRA,ID_CLIENTE,ID_VEHICULOS,ID_FACTURA,ESTADO,ESTADO_INTENCION_COMPRA)VALUES('Scooter eléctrico rojo', 3,3,3,'TRUE','TRUE');
INSERT INTO INTENCION_COMPRA (DESCRIPCION_INTENCION_COMPRA,ID_CLIENTE,ID_VEHICULOS,ID_FACTURA,ESTADO,ESTADO_INTENCION_COMPRA)VALUES('Motocicleta deportiva', 4,4,4,'TRUE','TRUE');
INSERT INTO INTENCION_COMPRA (DESCRIPCION_INTENCION_COMPRA,ID_CLIENTE,ID_VEHICULOS,ID_FACTURA,ESTADO,ESTADO_INTENCION_COMPRA)VALUES('Bicicleta eléctrica de montaña',5, 5,6,'TRUE','FALSE');
INSERT INTO INTENCION_COMPRA (DESCRIPCION_INTENCION_COMPRA,ID_CLIENTE,ID_VEHICULOS,ID_FACTURA,ESTADO,ESTADO_INTENCION_COMPRA)VALUES('Scooter eléctrico negro', 6,6,5,'TRUE','FALSE');
INSERT INTO INTENCION_COMPRA (DESCRIPCION_INTENCION_COMPRA,ID_CLIENTE,ID_VEHICULOS,ID_FACTURA,ESTADO,ESTADO_INTENCION_COMPRA)VALUES('Motocicleta urbana', 7,7,7,'TRUE','TRUE');
INSERT INTO INTENCION_COMPRA (DESCRIPCION_INTENCION_COMPRA,ID_CLIENTE,ID_VEHICULOS,ID_FACTURA,ESTADO,ESTADO_INTENCION_COMPRA)VALUES('Bicicleta eléctrica cruiser', 8,8,8,'TRUE','TRUE');
INSERT INTO INTENCION_COMPRA (DESCRIPCION_INTENCION_COMPRA,ID_CLIENTE,ID_VEHICULOS,ID_FACTURA,ESTADO,ESTADO_INTENCION_COMPRA)VALUES('Scooter eléctrico blanco', 9,9,9,'TRUE','FALSE');
INSERT INTO INTENCION_COMPRA (DESCRIPCION_INTENCION_COMPRA,ID_CLIENTE,ID_VEHICULOS,ID_FACTURA,ESTADO,ESTADO_INTENCION_COMPRA)VALUES('Motocicleta elegante', 10,10,10,'TRUE','FALSE');


-- Valores de ejemplo para la tabla FACTURA (relacionados con INTENCION_COMPRAS existentes)FALSE FALSE
INSERT INTO FACTURA (FECHA_FACTURA,ID_CLIENTE,ESTADO_FACTURA,ESTADO)VALUES('2023-08-23',1, 'FALSE','TRUE');
INSERT INTO FACTURA (FECHA_FACTURA,ID_CLIENTE,ESTADO_FACTURA,ESTADO)VALUES('2023-08-24',2, 'TRUE','TRUE');
INSERT INTO FACTURA (FECHA_FACTURA,ID_CLIENTE,ESTADO_FACTURA,ESTADO)VALUES('2023-08-25',3, 'FALSE','TRUE');
INSERT INTO FACTURA (FECHA_FACTURA,ID_CLIENTE,ESTADO_FACTURA,ESTADO)VALUES('2023-08-25',4, 'FALSE','TRUE');
INSERT INTO FACTURA (FECHA_FACTURA,ID_CLIENTE,ESTADO_FACTURA,ESTADO)VALUES('2023-08-26',5, 'TRUE','TRUE');
INSERT INTO FACTURA (FECHA_FACTURA,ID_CLIENTE,ESTADO_FACTURA,ESTADO)VALUES('2023-08-26',6, 'FALSE','TRUE');
INSERT INTO FACTURA (FECHA_FACTURA,ID_CLIENTE,ESTADO_FACTURA,ESTADO)VALUES('2023-08-27',7, 'TRUE','TRUE');
INSERT INTO FACTURA (FECHA_FACTURA,ID_CLIENTE,ESTADO_FACTURA,ESTADO)VALUES('2023-08-28',8, 'FALSE','TRUE');
INSERT INTO FACTURA (FECHA_FACTURA,ID_CLIENTE,ESTADO_FACTURA,ESTADO)VALUES('2023-08-29',9, 'FALSE','TRUE');
INSERT INTO FACTURA (FECHA_FACTURA,ID_CLIENTE,ESTADO_FACTURA,ESTADO)VALUES('2023-08-29',10, 'TRUE','TRUE');


-- Valores de ejemplo para la tabla CATEGORIA
INSERT INTO CATEGORIA (NOMBRE,ESTADO)VALUES ('Motocicleta eléctricas','TRUE');
INSERT INTO CATEGORIA (NOMBRE,ESTADO)VALUES ('Bicicletas eléctricas','TRUE');
INSERT INTO CATEGORIA (NOMBRE,ESTADO)VALUES ('Scooter eléctricos','TRUE');


-- Valores de ejemplo para la tabla CONCESCIONARIO
INSERT INTO CONCESCIONARIO (NOMBRE,DIRECCION,TELEFONO,CORREO,ESTADO)VALUES ('Be Electric','Carrera 18 #88 – 18',1234456,'BeElectric@energ.com.co','TRUE');
INSERT INTO CONCESCIONARIO (NOMBRE,DIRECCION,TELEFONO,CORREO,ESTADO)VALUES ('Niu Motocicletas Eléctricas','Carrera 15 #86B – 13',7654987,'niucolombia8924@niu.com.co','TRUE');
INSERT INTO CONCESCIONARIO (NOMBRE,DIRECCION,TELEFONO,CORREO,ESTADO)VALUES ('Auteco Mobility','Carrera 11 #22 – 15',3456789,'servicioalcliente@auteco.com.co','TRUE');
INSERT INTO CONCESCIONARIO (NOMBRE,DIRECCION,TELEFONO,CORREO,ESTADO)VALUES('Concesionario de Vehículos Eléctricos', 'Avenida 12 # 56 - 98 ', 123456789, 'ventas@concesionarioelectricos.com','TRUE');
INSERT INTO CONCESCIONARIO (NOMBRE,DIRECCION,TELEFONO,CORREO,ESTADO)VALUES('ElectroCars Showroom','Calle 45 # 45 c 44 este', 1123456789, 'info@electrocars.com','TRUE');
INSERT INTO CONCESCIONARIO (NOMBRE,DIRECCION,TELEFONO,CORREO,ESTADO)VALUES('EcoMobility Dealers', 'Calle 87 b # 34 g 12 ', 543216789, 'contacto@ecomobilitydealers.com','TRUE');
INSERT INTO CONCESCIONARIO (NOMBRE,DIRECCION,TELEFONO,CORREO,ESTADO)VALUES('GreenRide Auto', 'Calle 89 # 10 - 45 ', 678912345, 'ventas@greenrideauto.com','TRUE');
INSERT INTO CONCESCIONARIO (NOMBRE,DIRECCION,TELEFONO,CORREO,ESTADO)VALUES('EcoMotion Motocicletars', 'Avenida 43 # 26 - 13 este ', 789123456, 'info@ecomotionMotocicletars.com','TRUE');


-- Valores de ejemplo para la tabla VEHICULOS (relacionados con CATEGORÍAS y CONCESIONARIOS existentes)
INSERT INTO VEHICULOS (NOMBRE,PRECIO,ID_CATEGORIA,ID_CONCESIONARIO,ESTADO)VALUES('Motocicleta Eléctrica SportX', 15900000, 1, 1,'TRUE');
INSERT INTO VEHICULOS (NOMBRE,PRECIO,ID_CATEGORIA,ID_CONCESIONARIO,ESTADO)VALUES('Bicicleta Eléctrica UrbanCruiser',3190000, 2, 2,'TRUE');
INSERT INTO VEHICULOS (NOMBRE,PRECIO,ID_CATEGORIA,ID_CONCESIONARIO,ESTADO)VALUES('Scooter Eléctrico SwiftRide',1399900, 3, 3,'TRUE');
INSERT INTO VEHICULOS (NOMBRE,PRECIO,ID_CATEGORIA,ID_CONCESIONARIO,ESTADO)VALUES('Motocicleta Eléctrica EcoRider',14780000, 1, 4,'TRUE');
INSERT INTO VEHICULOS (NOMBRE,PRECIO,ID_CATEGORIA,ID_CONCESIONARIO,ESTADO)VALUES('Bicicleta Eléctrica TrailBlazer',4150000, 2, 5,'TRUE');
INSERT INTO VEHICULOS (NOMBRE,PRECIO,ID_CATEGORIA,ID_CONCESIONARIO,ESTADO)VALUES('Scooter Eléctrico CityGlide', 1450000, 2, 6,'TRUE');
INSERT INTO VEHICULOS (NOMBRE,PRECIO,ID_CATEGORIA,ID_CONCESIONARIO,ESTADO)VALUES('Motocicleta Eléctrica Speedster', 19500000, 1, 6,'TRUE');
INSERT INTO VEHICULOS (NOMBRE,PRECIO,ID_CATEGORIA,ID_CONCESIONARIO,ESTADO)VALUES('Bicicleta Eléctrica CommuterX',6130500, 3, 7,'TRUE');
INSERT INTO VEHICULOS (NOMBRE,PRECIO,ID_CATEGORIA,ID_CONCESIONARIO,ESTADO)VALUES('Scooter Eléctrico PowerGlide', 1550000, 3, 8,'TRUE');
INSERT INTO VEHICULOS (NOMBRE,PRECIO,ID_CATEGORIA,ID_CONCESIONARIO,ESTADO)VALUES('Motocicleta Eléctrica ThunderBolt',18200000, 1, 4,'TRUE');
